Keyword,Avg. monthly searches,Competition
teer,5000000,Low
shillong teer,5000000,Low
shillong teer common number,5000000,Low
guwahati khanapara teer result,5000000,Low
juwai teer result,5000000,Low
khanapara teer results,5000000,Low
shillong result teer,5000000,Low
shillong teer common no,5000000,Low
shillong teer common number meghalaya,5000000,Low
shillong teer india,5000000,Low
shillong teer result,5000000,Low
shillong teer result list,5000000,Low
shillong teer result meghalaya,5000000,Low
shillong teer result shillong teer result,5000000,Low
shillong teer shillong teer,5000000,Low
shilong teer com,5000000,Low
shilong teer result com,5000000,Low
sillong teer result com,5000000,Low
teer common number shillong meghalaya,5000000,Low
teer khanapara result,5000000,Low
teer results,5000000,Low
teer results shillong,5000000,Low
teer shillong common no,5000000,Low
teer shillong teer,5000000,Low
teer shillong teer result,5000000,Low
teerresults com,5000000,Low
khanapara teer,500000,Low
juwai teer,500000,Low
night teer,500000,Low
previous teer results,500000,Low
juwai morning teer result,500000,Low
juwai teer result today,500000,Low
khanapara shillong teer result,500000,Low
khanapara teer common number,500000,Low
khanapara teer list,500000,Low
khanapara teer previous result,500000,Low
khanapara teer result list,500000,Low
khanapara teer result shillong,500000,Low
khanapara teer result today,500000,Low
morning teer,500000,Low
morning teer results,500000,Low
night shillong teer,500000,Low
night teer result,500000,Low
night teer shillong,500000,Low
previous teer result shillong,500000,Low
shillong common no,500000,Low
shillong common number,500000,Low
shillong morning result,500000,Low
shillong morning teer result,500000,Low
shillong night result,500000,Low
shillong night teer result,500000,Low
shillong teer counter,500000,Low
shillong teer counter shillong teer counter,500000,Low
shillong teer list,500000,Low
shillong teer live,500000,Low
shillong teer morning,500000,Low
shillong teer morning result,500000,Low
shillong teer night result,500000,Low
shillong teer no,500000,Low
shillong teer number,500000,Low
shillong teer number shillong teer number,500000,Low
shillong teer previous result,500000,Low
shillong teer result morning,500000,Low
shillong teer result today,500000,Low
shillong today teer result,500000,Low
teer common no,500000,Low
teer night result,500000,Low
teer night shillong,500000,Low
teer previous result shillong,500000,Low
teer results today,500000,Low
teer shillong night,500000,Low
teer shillong night result,500000,Low
teer shillong previous result,500000,Low
teernight,500000,Low
teershillong,500000,Low
today teer result khanapara,500000,Low
teer dream numbers,50000,Low
guwahati teer,50000,Low
100 confirm khanapara teer common number,50000,Low
assamteer,50000,Low
fb teer,50000,Low
ground teer,50000,Low
guwahati teer result,50000,Low
jowai ladrymbai teer,50000,Low
jowai ladrymbai teer result,50000,Low
jowai ladrymbai teer result today,50000,Low
jowai teer today result,50000,Low
juwai morning teer,50000,Low
juwai night teer result,50000,Low
juwai result,50000,Low
juwai teer counter,50000,Low
juwai teer list,50000,Low
juwai teer number,50000,Low
juwai teer previous result,50000,Low
juwai teer result list,50000,Low
khanapara common number,50000,Low
khanapara facebook teer result,50000,Low
khanapara hitting number,50000,Low
khanapara morning teer result,50000,Low
khanapara previous result,50000,Low
khanapara previous teer result,50000,Low
khanapara result,50000,Low
khanapara teer common number today,50000,Low
khanapara teer counter,50000,Low
khanapara teer facebook,50000,Low
khanapara teer ka result,50000,Low
khanapara teer khela,50000,Low
khanapara teer khela result,50000,Low
khanapara teer live,50000,Low
khanapara teer number,50000,Low
khanapara teer result common number 99,50000,Low
khanapara teer result khanapara,50000,Low
khanapara teer result khanapara teer result,50000,Low
khanapara teer result morning,50000,Low
khanapara teer result previous,50000,Low
khanapara teer target,50000,Low
meghalayateer,50000,Low
morning shillong teer,50000,Low
morning shillong teer result,50000,Low
morning teer result shillong,50000,Low
morning teer shillong,50000,Low
night shillong teer result,50000,Low
night teer 2,50000,Low
night teer counter,50000,Low
night teer list,50000,Low
night teer previous result,50000,Low
night teer result list,50000,Low
nite teer,50000,Low
online teer shillong,50000,Low
previous shillong teer result,50000,Low
shillong 100 common number,50000,Low
shillong common number today,50000,Low
shillong khanapara teer result,50000,Low
shillong live teer,50000,Low
shillong morning,50000,Low
shillong morning common number,50000,Low
shillong morning teer,50000,Low
shillong morning teer result list,50000,Low
shillong morning teer result today,50000,Low
shillong night,50000,Low
shillong night common number,50000,Low
shillong night teer 2,50000,Low
shillong night teer common number,50000,Low
shillong night teer counter,50000,Low
shillong night teer list,50000,Low
shillong night teer previous result,50000,Low
shillong night teer result 9.20 pm,50000,Low
shillong night teer result list,50000,Low
shillong night teer result today,50000,Low
shillong previous result,50000,Low
shillong previous teer result,50000,Low
shillong result,50000,Low
shillong target number,50000,Low
shillong teer all list,50000,Low
shillong teer all result,50000,Low
shillong teer calculator,50000,Low
shillong teer com,50000,Low
shillong teer common,50000,Low
shillong teer common number facebook,50000,Low
shillong teer common number for today,50000,Low
shillong teer common number list,50000,Low
shillong teer counter night,50000,Low
shillong teer counter result,50000,Low
shillong teer facebook,50000,Low
shillong teer ground,50000,Low
shillong teer ground result,50000,Low
shillong teer juwai result,50000,Low
shillong teer ka result,50000,Low
shillong teer khela,50000,Low
shillong teer khela result,50000,Low
shillong teer live result,50000,Low
shillong teer live today,50000,Low
shillong teer morning common number,50000,Low
shillong teer morning result list,50000,Low
shillong teer morning result today,50000,Low
shillong teer night 2,50000,Low
shillong teer night 8pm,50000,Low
shillong teer night common number,50000,Low
shillong teer night list,50000,Low
shillong teer night result list,50000,Low
shillong teer number result,50000,Low
shillong teer number target,50000,Low
shillong teer old result,50000,Low
shillong teer online,50000,Low
shillong teer previous,50000,Low
shillong teer previous list,50000,Low
shillong teer previous number,50000,Low
shillong teer previous result list,50000,Low
shillong teer result common number,50000,Low
shillong teer result list morning,50000,Low
shillong teer result list night,50000,Low
shillong teer result list today,50000,Low
shillong teer result live,50000,Low
shillong teer result morning today,50000,Low
shillong teer result night,50000,Low
shillong teer result number,50000,Low
shillong teer result online,50000,Low
shillong teer result previous,50000,Low
shillong teer result today live,50000,Low
shillong teer result today morning,50000,Low
shillong teer serial number,50000,Low
shillong teer target,50000,Low
shillong teer target no,50000,Low
shillong teer target today,50000,Low
shillong teer today,50000,Low
shillong teer today target,50000,Low
shillong today teer target,50000,Low
sunday morning teer,50000,Low
target number shillong,50000,Low
teer common,50000,Low
teer common no today,50000,Low
teer common number shillong today,50000,Low
teer counter com,50000,Low
teer counter night,50000,Low
teer ground,50000,Low
teer juwai,50000,Low
teer khanapara,50000,Low
teer morning,50000,Low
teer night 2,50000,Low
teer nite,50000,Low
teer of shillong today,50000,Low
teer results list,50000,Low
teer shillong facebook,50000,Low
teer shillong morning,50000,Low
teer shillong results,50000,Low
teer shillong target,50000,Low
teer shillong target number,50000,Low
teer shillong target today,50000,Low
teer today,50000,Low
today khanapara teer result,50000,Low
today shillong teer common number,50000,Low
teer formula,5000,Low
